<?xml version="1.0" encoding="ISO-8859-1"?>
<!--DOCTYPE metadata SYSTEM "http://www.fgdc.gov/metadata/fgdc-std-001-1998.dtd"-->
<metadata>
	<idinfo>
		<citation>
			<citeinfo>
				<origin>Land Use Secretariat, Government of Alberta</origin>
				<pubdate>201011</pubdate>
				<title Sync="TRUE">LUF Integrated Regional Plan Boundaries</title>
				<geoform Sync="TRUE">vector digital data</geoform>
				<pubinfo>
					<pubplace>Edmonton, Alberta</pubplace>
					<publish>Land Use Secretariat, Government of Alberta</publish>
				</pubinfo>
				<ftname Sync="TRUE">LUF Integrated Regional Plan Boundaries</ftname></citeinfo>
		</citation>
		<descript>
			<abstract>The Government of Alberta has established seven land-use regions and is developing a regional plan for each region. As set out in the provincial Land-use Framework the regional boundaries are based upon watersheds and adjusted to align with municipal boundaries. Regional plans will integrate provincial policies at the regional level; set out regional land-use objectives and provide the context for future land-use decisions that reflect the uniqueness and priorities of the region within a provincial policy context. Municipalities and provincial departments and agencies will be required to comply with the directions in the regional plan in their decision-making once the plan is completed. 
</abstract>
			<purpose>This polygon shapefile contains the seven Land-use Framework regions which have been updated match the legal descriptions that have been prepared for Order-in-Councils.  This shapefile is intended to replace the existing Base Features GeoAdministration Land-use Framework polygon shapefile that was produced by Alberta Sustainable Resource Development, Resource Information Management Branch  2008-11-24.</purpose>
			<langdata Sync="TRUE">en</langdata><supplinf>This Land-use Framework Integrated Regional Plan Boundary polygon shapefile is intended to replace the existing Base Features GeoAdministration Land-use Framework polygon shapefile that was produced by Alberta Sustainable Resource Development, Resource Information Management Branch  2008-11-24.
</supplinf></descript>
		<timeperd>
			<timeinfo>
				<sngdate>
					<caldate>201011</caldate>
				</sngdate>
			</timeinfo>
			<current>publication date</current>
		</timeperd>
		<status>
			<progress>Complete</progress><update>As needed</update></status>
		<spdom>
			<bounding>
				<westbc Sync="TRUE">-120.902231</westbc>
				<eastbc Sync="TRUE">-108.457295</eastbc>
				<northbc Sync="TRUE">60.095171</northbc>
				<southbc Sync="TRUE">48.894798</southbc>
			</bounding>
			<lboundng><leftbc Sync="TRUE">-329155.678900</leftbc><rightbc Sync="TRUE">365133.528700</rightbc><bottombc Sync="TRUE">5425575.486700</bottombc><topbc Sync="TRUE">6659344.340000</topbc></lboundng></spdom>
		<keywords>
			<theme>
				<themekt>ISO 19115 Topic Category</themekt>
				<themekey>economy</themekey>
				<themekey>society</themekey>
				<themekey>environment</themekey>
			</theme>
			<theme>
				<themekt>Land-use Framework</themekt>
				<themekey>Land-use Framework Integrated Regional Plan Boundaries</themekey>
				<themekey>Land-use Framework</themekey>
				<themekey>Alberta Land Stewardship Act</themekey><themekey>Lower Athabasca</themekey><themekey>Lower Peace</themekey><themekey>Upper Peace</themekey><themekey>Upper Athabasca</themekey><themekey>North Saskatchewan</themekey><themekey>Red Deer</themekey><themekey>South Saskatchewan</themekey></theme>
		</keywords>
		<accconst>For general public use.</accconst>
		<useconst>This material has been provided with the intent that it be readily available for personal and public non-commercial (educational) use and except where otherwise prohibited, may be reproduced, in part or in whole and by any means, without charge or further permission from the Land Use Secretariat 
We only ask that:
. The materials not be modified. 
. Users exercise due diligence in ensuring the accuracy of the materials. 
. The Government of Alberta be identified as the source of the materials. 
. The reproduction is not represented as an official version of the materials reproduced, nor as having been made in affiliation with or with the endorsement of the Government of Alberta.
. Reproduction of multiple copies of materials, in whole or in part, for the purposes of commercial distribution is prohibited, except with written permission from the  Land Use Secretariat. To obtain permission to reproduce materials on this site for commercial purposes, please contact the Land Use Secretariat</useconst>
		<ptcontac>
			<cntinfo>
				<cntorgp>
					<cntorg>Land Use Secretariat, Government of Alberta</cntorg>
				</cntorgp>
				<cntaddr>
					<addrtype>mailing and physical address</addrtype>
					<address>9th Floor, Centre West Building</address>
					<address>10035 - 108 Street NW</address>
					<city>Edmonton</city>
					<state>Alberta</state>
					<postal>T5J 3E1</postal>
					<country>Canada</country>
				</cntaddr>
				<cntvoice>7806447972</cntvoice>
				<cntfax>7806441034</cntfax>
				<cntemail>LUF@gov.ab.ca</cntemail>
				<hours>08:15 to 16:30 Monday to Friday</hours>
			</cntinfo>
		</ptcontac>
		<secinfo>
			<secsys>Government of Alberta Security Classification Guidelines</secsys>
			<secclass>Unrestricted</secclass>
		</secinfo>
		<natvform Sync="TRUE">Shapefile</natvform><native Sync="TRUE">Microsoft Windows 2000 Version 5.2 (Build 3790) Service Pack 2; ESRI ArcCatalog 9.3.1.4000</native><crossref><citeinfo><pubdate>200910</pubdate><title> Alberta Land Stewardship Act</title><origin>Government of Alberta</origin><geoform>document</geoform><pubinfo><pubplace>Edmonton, Alberta</pubplace><publish>Alberta Queen's Printer</publish></pubinfo></citeinfo></crossref><crossref><citeinfo><origin>Land Use Secretariat, Government of Alberta </origin><pubdate>200812</pubdate><title>Land-use Framework</title><geoform>document</geoform><pubinfo><pubplace>Edmonton, Alberta </pubplace><publish>Land Use Secretariat, Government of Alberta </publish></pubinfo><othercit>ISBN: Printed Edition 978-7785-7713-3  Online Version 978-0-7785-7714-0 PubNo. I/321</othercit></citeinfo></crossref></idinfo>
	<dataqual>
		<attracc>
		</attracc>
		<posacc>
			<horizpa>
			</horizpa>
			<vertacc>
			</vertacc>
		</posacc>
		<lineage>
		</lineage>
	</dataqual>
	<spdoinfo>
		<direct Sync="TRUE">Vector</direct>
		<ptvctinf>
			<sdtsterm Name="LUF Integrated Regional Plan Boundaries">
				<sdtstype Sync="TRUE">G-polygon</sdtstype>
				<ptvctcnt Sync="TRUE">7</ptvctcnt>
			</sdtsterm>
			<esriterm Name="LUF Integrated Regional Plan Boundaries"><efeatyp Sync="TRUE">Simple</efeatyp><efeageom Sync="TRUE">Polygon</efeageom><esritopo Sync="TRUE">FALSE</esritopo><efeacnt Sync="TRUE">7</efeacnt><spindex Sync="TRUE">FALSE</spindex><linrefer Sync="TRUE">FALSE</linrefer></esriterm></ptvctinf>
	</spdoinfo>
	<spref>
		<horizsys>
			<geodetic>
				<horizdn Sync="TRUE">North American Datum of 1983</horizdn>
				<ellips Sync="TRUE">Geodetic Reference System 80</ellips>
				<semiaxis Sync="TRUE">6378137.000000</semiaxis>
				<denflat Sync="TRUE">298.257222</denflat>
			</geodetic>
			<cordsysn><geogcsn Sync="TRUE">GCS_North_American_1983</geogcsn><projcsn Sync="TRUE">CANA83-10TM115</projcsn></cordsysn><planar><planci><plance Sync="TRUE">coordinate pair</plance><plandu Sync="TRUE">meters</plandu><coordrep><absres Sync="TRUE">0.000000</absres><ordres Sync="TRUE">0.000000</ordres></coordrep></planci><mapproj><mapprojn Sync="TRUE">Transverse Mercator</mapprojn><transmer><sfctrmer Sync="TRUE">0.999200</sfctrmer><longcm Sync="TRUE">-115.000000</longcm><latprjo Sync="TRUE">0.000000</latprjo><feast Sync="TRUE">0.000000</feast><fnorth Sync="TRUE">0.000000</fnorth></transmer></mapproj></planar></horizsys>
	</spref>
	<eainfo>
		<detailed Name="LUF Integrated Regional Plan Boundaries">
			<enttyp>
				<enttypl Sync="TRUE">LUF Integrated Regional Plan Boundaries</enttypl>
				<enttypd>Regional planning boundaries.</enttypd>
				<enttypds>Alberta Land Stewardship Act</enttypds>
				<enttypt Sync="TRUE">Feature Class</enttypt><enttypc Sync="TRUE">7</enttypc></enttyp>
			<attr>
				<attrlabl>FID</attrlabl>
				<attrdef>Internal feature number.</attrdef>
				<attrdefs>ESRI</attrdefs>
				<attrdomv>
					<udom>Sequential unique whole numbers that are automatically generated.</udom>
				</attrdomv>
				<attalias Sync="TRUE">FID</attalias><attrtype Sync="TRUE">OID</attrtype><attwidth Sync="TRUE">4</attwidth><atprecis Sync="TRUE">0</atprecis><attscale Sync="TRUE">0</attscale></attr>
			<attr>
				<attrlabl>Shape</attrlabl>
				<attrdef>Feature geometry.</attrdef>
				<attrdefs>ESRI</attrdefs>
				<attrdomv>
					<udom>Coordinates defining the features.</udom>
				</attrdomv>
				<attalias Sync="TRUE">Shape</attalias><attrtype Sync="TRUE">Geometry</attrtype><attwidth Sync="TRUE">0</attwidth><atprecis Sync="TRUE">0</atprecis><attscale Sync="TRUE">0</attscale></attr>
			<attr><attrlabl Sync="TRUE">Hectares</attrlabl><attalias Sync="TRUE">HECTARES</attalias><attrtype Sync="TRUE">Double</attrtype><attwidth Sync="TRUE">16</attwidth><attrdef>Area calculated in hectares.</attrdef><atprecis Sync="TRUE">15</atprecis><attscale Sync="TRUE">3</attscale></attr><attr><attrlabl Sync="TRUE">LUF_Name</attrlabl><attalias Sync="TRUE">LUF_NAME</attalias><attrtype Sync="TRUE">String</attrtype><attwidth Sync="TRUE">80</attwidth><attrdef>Integrated planning region name. </attrdef><attrdefs>Land-use Framework</attrdefs><atprecis Sync="TRUE">0</atprecis><attscale Sync="TRUE">0</attscale></attr><attr><attrlabl Sync="TRUE">LUF_Code</attrlabl><attalias Sync="TRUE">LUF_CODE</attalias><attrtype Sync="TRUE">String</attrtype><attwidth Sync="TRUE">5</attwidth><attrdef>Integrated planning region reference number. </attrdef><attrdefs>Land Use Secretariat, Government of Alberta </attrdefs><atprecis Sync="TRUE">0</atprecis><attscale Sync="TRUE">0</attscale></attr></detailed>
	</eainfo>
	<distinfo>
		<distrib>
			<cntinfo>
				<cntorgp>
					<cntorg>Land Use Secretariat, Government of Alberta</cntorg>
				</cntorgp>
				<cntaddr>
					<addrtype>mailing and physical address</addrtype>
					<address>9th Floor, Centre West Building</address>
					<city>Edmonton</city>
					<state>Alberta</state>
					<postal>T5J 3E1</postal>
					<country>Canada</country>
				</cntaddr>
				<cntvoice>7806447972</cntvoice>
				<cntfax>7806441034</cntfax>
				<cntemail>LUF@gov.ab.ca</cntemail>
				<hours>08:15 to 16:30 Monday to Friday</hours>
			</cntinfo>
		</distrib>
		<resdesc>Downloadable Data</resdesc>
		<distliab>These materials are provided "as is" without warranties or conditions of any kind either expressed or implied. To the fullest extent possible under applicable law, the Government of Alberta disclaims all warranties and conditions, expressed or implied, including but not limited to, implied warranties or conditions of merchantability and fitness for a particular purpose, non-infringement or other violation of rights. The Crown in right of Alberta, the Minister and her employees and agents, shall not be liable for any claims, costs, losses, or damages, including any special, indirect, incidental or consequential loss or damage, which the user may incur or experience as a result of the use or possession of the information or associated storage media.</distliab>
		<custom>This dataset has been assigned a Government of Alberta Security Classification of unrestricted and is available to download from the Alberta Land Use Framework web site http://www.landuse.alberta.ca/</custom>
		<techpreq>To utilize digital information, specialized software may be required. Digital information required specialized graphics or GIS software (i.e. ArcInfo, ArcView, ArcGIS, or MicroStation).</techpreq>
		<availabl>
			<timeinfo>
				<sngdate>
				</sngdate>
			</timeinfo>
		</availabl>
		<stdorder><digform><digtinfo><transize Sync="TRUE">1.854</transize><dssize Sync="TRUE">1.854</dssize></digtinfo></digform></stdorder></distinfo>
	<metainfo>
		<metd Sync="TRUE">20110405</metd>
		<metc>
			<cntinfo>
				<cntorgp>
					<cntorg>Land Use Secretariat, Government of Alberta</cntorg>
				</cntorgp>
				<cntpos>Senior Information Manager, Land Use Secretariat</cntpos>
				<cntaddr>
					<addrtype>mailing and physical address</addrtype>
					<address>9th Floor, Centre West Building</address>
					<address>10035 - 108 Street NW</address>
					<city>Edmonton</city>
					<state>Alberta</state>
					<postal>T5J 3E1</postal>
					<country>Canada</country>
				</cntaddr>
				<cntvoice>7806447972</cntvoice>
				<cntfax>7806441034</cntfax>
				<cntemail>LUF@gov.ab.ca</cntemail>
				<hours>08:15 to 16:30 Monday to Friday</hours>
			</cntinfo>
		</metc>
		<metstdn Sync="TRUE">FGDC Content Standards for Digital Geospatial Metadata</metstdn>
		<metstdv Sync="TRUE">FGDC-STD-001-1998</metstdv>
		<mettc Sync="TRUE">local time</mettc>
		<langmeta Sync="TRUE">en</langmeta><metextns><onlink Sync="TRUE">http://www.esri.com/metadata/esriprof80.html</onlink><metprof Sync="TRUE">ESRI Metadata Profile</metprof></metextns></metainfo>
	<Esri><CreaDate>20221230</CreaDate><CreaTime>12044900</CreaTime><SyncOnce>FALSE</SyncOnce><SyncDate>20110405</SyncDate><SyncTime>07525300</SyncTime><ModDate>20110405</ModDate><ModTime>09362100</ModTime><Sync>FALSE</Sync><DataProperties><lineage><Process ToolSource="c:\program files (x86)\arcgis\desktop10.5\ArcToolbox\Toolboxes\Data Management Tools.tbx\CalculateField" Date="20211018" Time="205144">CalculateField "LUF Integrated Regional Plan Boundaries" ID [FID] VB #</Process></lineage><itemProps><itemLocation><linkage Sync="TRUE">file://\\DESKTOP-QJFVPL6\E$\LABORATORY\53-Air quality\Edmonton\Mobile\GIS\0\LUF Integrated Regional Plan BoundariesCopy</linkage><protocol Sync="TRUE">Local Area Network</protocol></itemLocation></itemProps><copyHistory><copy source="E:\LABORATORY\53-Air quality\Edmonton\Mobile\GIS\AB LUF Regional Boundaries Shapefiles 2011-04\LUF Integrated Regional Plan BoundariesCopy" dest="\\DESKTOP-QJFVPL6\E$\LABORATORY\53-Air quality\Edmonton\Mobile\GIS\0\LUF Integrated Regional Plan BoundariesCopy" date="20221230" time="12044900"></copy></copyHistory></DataProperties></Esri><distInfo><distributor><distorTran><onLineSrc><orDesc Sync="TRUE">002</orDesc></onLineSrc></distorTran></distributor></distInfo></metadata>
